User ID,Name,Role,Email,Password,Address,Phone Number,IC Number,Birth Date,Image,Status,Check In Streak,Reward Points,Last Check-In Date,Preferences,Skills,Location,Auto Reply Message,Business Type,Secret Answer,Secret Question
VL00001,Anthony Turner,volunteer,ndecker@example.net,(F6QL%LgAF,"957 David Crossing Thomasside, MT 54663",7228259037,101415390619,1972-07-01,https://res.cloudinary.com/dnj0n4m7k/image/upload/v1731663774/UserProfilePic/d8or1ix2r8rg5fsz7fgy.jpg,active,6,234,2024-02-17,preference_Community Service;preference_Art;preference_Volunteer,skills_Leadership;skills_Event Management;skills_Communication,location_Terrenganu;location_Labuan;location_Pahang,,,Mouth leader affect perform public discuss boy. Him minute bank animal include network someone including.,Expect education until tough morning deep. Difficult reason tonight parent indeed. Member eye style cold focus happy. Simple establish spend through tend Democrat color. Blue young position quite.
VL00002,Amber Day,volunteer,ncoleman@example.com,XBKxIqx%!3,"843 Alan Trace Apt. 084 Smithview, WY 97215",9165544373,763985058245,1991-02-23,https://res.cloudinary.com/dnj0n4m7k/image/upload/v1734926635/UserProfilePic/loarfiz2eoiwxdv9e3dd.jpg,active,4,354,2024-05-02,preference_Health;preference_Education,skills_Teaching;skills_Cooking,location_Sarawak,,,Little whom hold board. Why nice shake party foot change administration good.,Seat level successful subject. Exist support still game. Enjoy management home audience agreement.
VL00003,Alicia Berger,volunteer,ugray@example.com,(HB45xPt9(,"3290 Kevin Meadow Apt. 432 Morrisbury, HI 31300",3302973121,408104397834,1989-02-15,https://res.cloudinary.com/dnj0n4m7k/image/upload/v1731663774/UserProfilePic/daeogkboj4lzmx6mkrqk.jpg,active,4,420,2024-10-07,preference_Sports;preference_Environment;preference_Outdoor,skills_Marketing,location_Perlis;location_Sabah,,,Vote teacher perhaps always and. No matter today gun.,Stand question list stop parent deal. Age interest culture wife we money employee. Until add for serious trouble line. Set for travel able. Sort than similar officer.
VL00004,Brooke Decker,volunteer,kathleen63@example.org,BB5mKfXwb),USNV Wright FPO AE 28779,2898807607,746093920583,1968-12-15,https://res.cloudinary.com/dnj0n4m7k/image/upload/v1731663773/UserProfilePic/vdoarj0jyqriptpu4jpw.jpg,active,0,99,2024-01-25,preference_Community Service,skills_Technical Support;skills_Teaching;skills_Event Management;skills_First Aid,location_Johor,,,Institution this specific lead.,Small cover mouth individual will. Up game positive factor none form store state. Debate itself involve common. Policy attack nice small throw seem.
VL00005,Beverly Burgess DDS,volunteer,yvonnepena@example.org,H(+kIlg$!2,"1669 Sherry Hill Cynthiaport, NY 11115",7841766270,052253584518,1972-08-06,https://res.cloudinary.com/dnj0n4m7k/image/upload/v1731663774/UserProfilePic/daeogkboj4lzmx6mkrqk.jpg,active,2,345,2024-05-15,preference_Art;preference_Environment;preference_Outdoor,skills_Event Management;skills_Fundraising;skills_Marketing;skills_Technical Support,location_Malacca,,,Relationship art production fine pay.,You free election animal research girl. Factor listen general than about. Population three artist have foot.
VL00006,Christine Vincent,volunteer,melissaali@example.org,$im!dYTn5d,"211 Taylor Stravenue Apt. 891 North Rachel, MA 62046",1469835060,105588739457,1982-12-28,https://res.cloudinary.com/dnj0n4m7k/image/upload/v1731663774/UserProfilePic/d8or1ix2r8rg5fsz7fgy.jpg,active,0,31,2024-01-04,preference_Environment;preference_Outdoor;preference_Volunteer,skills_Marketing;skills_Technical Support;skills_Teaching;skills_Event Management,location_Johor,,,Campaign guy whole window. Woman court against.,Agreement mean minute worry situation need. Still note look light edge key fear. Work owner consumer about. Of season animal the threat cause. Administration option benefit last card let fine.
VL00007,Nicole Dyer,volunteer,bradleybarry@example.org,&x&+5lS6q9,"527 Brown Shores Suite 003 West Meganton, WV 91677",2324184078,543636114490,2005-05-16,https://res.cloudinary.com/dnj0n4m7k/image/upload/v1734926669/UserProfilePic/foemfntjhv7ro7qte4rq.jpg,active,6,162,2024-07-10,preference_Community Service;preference_Volunteer;preference_Environment,skills_First Aid;skills_Teaching;skills_Marketing;skills_Fundraising,location_Perak;location_Negeri Sembilan,,,Ten her body travel. Remember because security less arm shake require.,Soon voice week have. Bed arm section him city agreement nice safe. Man response light understand pick professional. Ability behind quite seven.
VL00008,Tracy White,volunteer,nkennedy@example.org,8)6y45Volc,"88540 Adkins Ridge Apt. 616 North Nicholas, NM 95840",4950589939,556529376420,1969-10-21,https://res.cloudinary.com/dnj0n4m7k/image/upload/v1731663774/UserProfilePic/d8or1ix2r8rg5fsz7fgy.jpg,active,1,242,2024-07-09,preference_Art,skills_Technical Support;skills_First Aid,location_Malacca;location_Sarawak,,,Activity continue fill.,Defense value cost debate already these. Detail return everyone thus dog car able. Vote play ten maintain professor. Least step price its.
VL00009,Kelly Mcdonald,volunteer,dakotaconley@example.org,XO3wCgbH*o,"72151 Williams Gateway Suite 002 New Daniel, WA 26480",8455279713,978093359080,1990-10-19,https://res.cloudinary.com/dnj0n4m7k/image/upload/v1734926568/UserProfilePic/d1s1u2wivfn3asjmrmso.jpg,active,4,96,2024-09-02,preference_Art;preference_Environment,skills_Event Management;skills_Communication;skills_Fundraising,location_Terrenganu,,,Animal star above itself game. Return already do street executive security.,Difficult people environment reason he nor away. Court course degree bed sport adult force. Wife suddenly example dog for first address. Figure range station. List light spend out material.
VL00010,Dennis Jones,volunteer,alvarezjohn@example.org,X(8NRVSzR+,"4753 Simmons Unions Kimville, DE 46077",1477039275,408980071370,1987-10-15,https://res.cloudinary.com/dnj0n4m7k/image/upload/v1734926650/UserProfilePic/e5qkq9pnlfalpk9x4ngh.jpg,active,3,379,2024-08-12,preference_Art;preference_Health,skills_Event Management;skills_Teaching;skills_Cooking,location_Perak;location_Labuan;location_Penang,,,Rule find rock buy person. Particularly turn sense operation want energy structure.,Rock upon officer current catch. Gas Mr glass ever trial success test. Majority every stock impact senior thank form just. Senior phone reality every. Bring discover popular social.
VL00011,Douglas Stanley,volunteer,dhenderson@example.net,W1VX^UJv^Y,"PSC 3495, Box 0837 APO AA 73239",5444516043,717358018086,1965-04-15,https://res.cloudinary.com/dnj0n4m7k/image/upload/v1734926635/UserProfilePic/loarfiz2eoiwxdv9e3dd.jpg,active,1,283,2024-11-09,preference_Volunteer;preference_Community Service;preference_Art,skills_First Aid;skills_Cooking;skills_Teaching,location_Malacca;location_Labuan;location_Penang,,,Understand scene investment good shoulder risk.,Affect officer its manager energy hear meet capital. Upon whole coach respond exactly standard hour pretty. Skill quickly stand say score. Federal by culture wait staff side similar.
VL00012,Dr. Gregory Vazquez MD,volunteer,eric70@example.org,!c1)8KTl!2,"384 Sylvia Lane Cynthiafurt, CA 46364",8865242186,683072834451,1985-01-08,https://res.cloudinary.com/dnj0n4m7k/image/upload/v1734926583/UserProfilePic/wbw1a7bsiz7vr3mjftpc.jpg,active,2,484,2024-05-26,preference_Art;preference_Sports,skills_Leadership,location_Malacca;location_Terrenganu,,,Simple seat third. Lay plant field fall sing make young standard.,See cause simply cause relationship. Level company move writer message statement last. Practice lose cold decision another evening. Still answer team.
VL00013,Melinda Jones,volunteer,lisa40@example.org,!VRv%MF&i8,"39671 Gonzalez Mountain Lake Nancyton, OR 64882",0038653954,836141256129,1990-10-02,https://res.cloudinary.com/dnj0n4m7k/image/upload/v1734926635/UserProfilePic/loarfiz2eoiwxdv9e3dd.jpg,active,5,26,2024-12-19,preference_Community Service;preference_Art,skills_Fundraising;skills_Marketing;skills_Communication,location_Selangor,,,Stop meeting answer pass government detail different. Professional might training worker.,Both same law outside. Out evidence upon south heart rate. Son ready tonight politics morning discuss. Value his across worry.
VL00014,Heather Carlson,volunteer,goconnor@example.net,0K$8%F@eFA,"228 Tiffany Lodge Suite 514 North Georgechester, MN 46855",2628400919,106987577006,1999-02-22,https://res.cloudinary.com/dnj0n4m7k/image/upload/v1731663774/UserProfilePic/d8or1ix2r8rg5fsz7fgy.jpg,active,2,416,2024-12-21,preference_Education;preference_Art,skills_Fundraising;skills_Teaching;skills_First Aid,location_Perak,,,Though government see audience. Memory out a road star.,Officer certainly dinner. Toward his tonight every opportunity. Art should high man direction after single establish. Miss apply forward.
VL00015,Karen Johnson,volunteer,wkrause@example.net,m@1D0*ni!d,"9294 James Haven Apt. 974 North Rebeccashire, PR 90187",0081783679,233169806659,1991-05-20,https://res.cloudinary.com/dnj0n4m7k/image/upload/v1731663774/UserProfilePic/l3hcsly51prvzrirbliq.jpg,active,4,191,2024-02-06,preference_Community Service;preference_Health;preference_Education,skills_Event Management;skills_Fundraising,location_Pahang;location_Johor;location_Penang,,,Field or live man every.,Human read design reduce center red glass. Little save nearly board star as crime. City difference walk anyone never lot. Use wife apply itself.
VL00016,Kimberly Edwards,volunteer,michael33@example.com,_8%BbEQfn5,"34412 Jones Estate Apt. 670 South Tammymouth, DE 66448",8740362794,077447307071,1965-09-15,https://res.cloudinary.com/dnj0n4m7k/image/upload/v1734926635/UserProfilePic/loarfiz2eoiwxdv9e3dd.jpg,active,6,22,2024-05-05,preference_Education;preference_Outdoor;preference_Environment,skills_Communication;skills_Cooking,location_Terrenganu;location_Penang;location_Negeri Sembilan,,,Sport participant compare agency once.,Third safe performance matter door big continue. Walk soon line knowledge six. Education whatever answer realize arm foot fact. Especially special sell establish language success.
VL00017,Jesus Lopez,volunteer,solisjohn@example.org,T^3LH6NqSZ,"3141 Arnold Well Normantown, CT 85529",3686595980,531061778745,1997-09-13,https://res.cloudinary.com/dnj0n4m7k/image/upload/v1734926669/UserProfilePic/foemfntjhv7ro7qte4rq.jpg,active,3,149,2024-07-20,preference_Art;preference_Environment;preference_Health,skills_First Aid;skills_Cooking,location_Selangor;location_Penang,,,Big doctor particularly prove night perhaps security attack. Along authority artist upon heavy meet.,Whether nor thousand. Example fast end less down conference stock. Ago spring security model similar pretty visit.
VL00018,Jamie Rollins,volunteer,deborah24@example.net,X71iFXzk*3,"1959 Morgan Garden West Kendraside, NY 20509",5750834806,390581740993,1996-12-18,https://res.cloudinary.com/dnj0n4m7k/image/upload/v1731663774/UserProfilePic/d8or1ix2r8rg5fsz7fgy.jpg,active,2,248,2024-01-14,preference_Volunteer,skills_Marketing;skills_Technical Support,location_Sabah,,,Trial move hear to budget traditional.,Trouble too section begin learn sign training. Machine feeling including practice avoid project. Whom white free both.
VL00019,Denise Morris,volunteer,omarsh@example.net,(3PyVSecRN,"658 Shannon Flats Suite 537 Woodwardshire, RI 50617",4406292264,194746755903,1992-10-08,https://res.cloudinary.com/dnj0n4m7k/image/upload/v1734926517/UserProfilePic/mwxwoafwc3u4pmruranw.jpg,active,6,426,2024-03-04,preference_Art,skills_Leadership,location_Negeri Sembilan,,,Evening agent travel side.,Still gun see radio couple PM will. Trial live newspaper kid. Agency heavy player front hospital sport face.
VL00020,David Carr,volunteer,tdavis@example.org,F9*TRMoo!b,"783 Tucker Land West Stephanieside, ID 77801",8186845657,948480270393,1981-05-06,https://res.cloudinary.com/dnj0n4m7k/image/upload/v1731663774/UserProfilePic/daeogkboj4lzmx6mkrqk.jpg,active,2,420,2024-10-24,preference_Environment,skills_Marketing;skills_Leadership;skills_First Aid;skills_Fundraising,location_Kelantan;location_Malacca;location_Labuan,,,Assume machine defense point old identify develop camera. Should onto building minute alone.,Focus activity able often power land. Group scene window general community age. Table too again effort brother. Hotel later court officer return newspaper accept. Sense animal crime positive. Occur always question away again audience popular.
VL00021,Debra Barnes,volunteer,christinesanchez@example.com,C^8CUVaa2W,"0496 Larson Island New Tracey, OH 26996",3816419251,830047489928,1977-04-12,https://res.cloudinary.com/dnj0n4m7k/image/upload/v1734926635/UserProfilePic/loarfiz2eoiwxdv9e3dd.jpg,active,2,379,2024-03-17,preference_Art;preference_Education,skills_Technical Support;skills_Event Management,location_Pahang;location_Selangor,,,Former risk left test seven generation. Degree world anyone get.,Return surface turn certainly organization. Society so court child. Unit data since between control environmental focus. Value wear fish community project treatment office service. Loss short be.
VL00022,Randy Schultz,volunteer,pgoodman@example.org,c%d7aObxm&,"208 Walker Canyon Apt. 126 Zacharymouth, OR 01682",1518728184,488226664860,2005-02-15,https://res.cloudinary.com/dnj0n4m7k/image/upload/v1731663773/UserProfilePic/njehb69k53qb45rrdrm2.jpg,active,3,122,2024-11-16,preference_Volunteer;preference_Outdoor,skills_Fundraising;skills_Communication;skills_Marketing;skills_Leadership,location_Pahang;location_Kelantan;location_Sarawak,,,A couple response. Commercial speech usually population accept southern recently.,Suggest play democratic doctor moment. She new form television. High information truth give pass modern exist.
VL00023,Michael Morgan,volunteer,duncanbrian@example.com,#XzR($noo3,"216 Ronnie Courts Allenborough, ND 38244",3364857865,046034338504,1983-07-30,https://res.cloudinary.com/dnj0n4m7k/image/upload/v1731663774/UserProfilePic/d8or1ix2r8rg5fsz7fgy.jpg,active,6,406,2024-05-25,preference_Sports;preference_Community Service;preference_Environment,skills_Marketing;skills_Communication,location_Malacca;location_Kelantan;location_Kuala Lumpur,,,Later gas finally deep international grow stand. Court ground task nearly line reality.,Outside open increase center but sort every. Between seat center practice operation focus suddenly still. Professional election single often floor.
VL00024,Anthony Walker,volunteer,mcdonaldmelissa@example.net,YKzS&)Qp$2,"710 Schmidt Skyway Barronmouth, TX 75159",7470952545,155546435795,2006-09-19,https://res.cloudinary.com/dnj0n4m7k/image/upload/v1731663774/UserProfilePic/daeogkboj4lzmx6mkrqk.jpg,active,2,139,2024-10-22,preference_Art,skills_Technical Support,location_Kuala Lumpur,,,Lay campaign ever movie stage ball plan glass. Their plant stage simply night although.,Actually exist data. Me bed state before wide. Individual line would reality hand second. Sign treatment thousand.
VL00025,Dale Tucker,volunteer,carteranne@example.net,l$I+jKNd@9,"88729 Henderson Glens Suite 828 Arnoldtown, AS 12842",7476126966,142139355359,1985-01-04,https://res.cloudinary.com/dnj0n4m7k/image/upload/v1734926583/UserProfilePic/wbw1a7bsiz7vr3mjftpc.jpg,active,6,20,2024-07-22,preference_Volunteer,skills_Marketing;skills_Technical Support;skills_First Aid;skills_Teaching,location_Terrenganu;location_Pahang,,,Mean might must recognize writer join get. Stand never sign citizen student end hard else.,Dinner sure meet away party radio interest. Find option major road. Test pass fly next consumer join. Owner similar over meeting short war. Team young book pick stop approach simple.
VL00026,Kenneth Petty,volunteer,valenzuelamark@example.org,8X&4Os&6G^,"4110 Benjamin Alley Apt. 218 East Jeremy, VT 91115",5457870042,979896536532,1959-05-25,https://res.cloudinary.com/dnj0n4m7k/image/upload/v1731663774/UserProfilePic/l3hcsly51prvzrirbliq.jpg,active,6,26,2024-01-21,preference_Environment;preference_Community Service;preference_Sports,skills_Teaching,location_Malacca,,,Hear perform same development. Daughter behavior system people boy.,Somebody action live term only song those. Owner agency easy quite loss. War necessary station attention. Consider and heavy less month sound page. Whom interview defense sister not. These offer wind different hold politics.
VL00027,David Young,volunteer,angelaburgess@example.com,9T%@4EIoc1,Unit 6085 Box 7861 DPO AA 78793,4997079140,585410497448,1966-04-29,https://res.cloudinary.com/dnj0n4m7k/image/upload/v1731663774/UserProfilePic/l3hcsly51prvzrirbliq.jpg,active,4,209,2024-09-16,preference_Environment,skills_Cooking;skills_Event Management,location_Malacca;location_Sarawak,,,Series language campaign support employee defense type. Eight contain four sure address maintain.,Special effort improve cover politics small. Yet dark personal health. Yes here necessary hundred computer road. Wife around north open skin. Skill player these leave civil. Ask require start early nice surface teacher.
VL00028,Craig Trujillo DVM,volunteer,rjohnson@example.net,(V8JsAhA3g,"314 Gallagher Hollow Suite 813 Jerryland, PR 15169",6547624509,767378093568,1982-10-21,https://res.cloudinary.com/dnj0n4m7k/image/upload/v1734926635/UserProfilePic/loarfiz2eoiwxdv9e3dd.jpg,active,3,64,2024-06-28,preference_Environment,skills_Teaching;skills_Communication;skills_Cooking;skills_Leadership,location_Negeri Sembilan,,,Serve start hold.,Find class north hotel. Street its live seem little example situation. Federal program level generation soon. Generation ahead amount public main pull. Girl certainly plant.
VL00029,William Smith,volunteer,owright@example.net,+!)s6Upaq4,"611 Black Unions Apt. 957 Joshuastad, MT 90651",6345030549,081119277518,1985-09-14,https://res.cloudinary.com/dnj0n4m7k/image/upload/v1731663773/UserProfilePic/njehb69k53qb45rrdrm2.jpg,active,5,312,2024-05-31,preference_Environment,skills_Communication;skills_Teaching;skills_Event Management;skills_First Aid,location_Perak,,,Like as can while quite maintain. Individual lot recent although beat yeah imagine.,Consider onto live follow marriage member its. Bring population economic phone hundred across almost. During let build lay seek sure. Him friend special me very. Market watch mission by kid I attorney. Watch benefit list option wrong form.
VL00030,Samantha Burke,volunteer,heather35@example.net,&%L&%5UwBg,"056 Kramer Crest Suite 230 Bryanhaven, PR 59694",1702400099,831077954890,1977-08-16,https://res.cloudinary.com/dnj0n4m7k/image/upload/v1734926635/UserProfilePic/loarfiz2eoiwxdv9e3dd.jpg,active,2,342,2024-05-15,preference_Sports,skills_Marketing;skills_First Aid;skills_Fundraising,location_Johor;location_Pahang,,,Case fall result be public someone article.,Question partner scene course own suggest. Say someone building thought there. Case dinner financial quality story above enter. Through letter growth success despite garden increase.
VL00031,Steven Barr,volunteer,xpace@example.org,#aTBWKWjj1,"24511 Travis Bridge Apt. 298 Reyesport, RI 78888",8452914291,057521509343,1968-12-13,https://res.cloudinary.com/dnj0n4m7k/image/upload/v1731663774/UserProfilePic/daeogkboj4lzmx6mkrqk.jpg,active,3,206,2024-07-07,preference_Environment;preference_Volunteer;preference_Sports,skills_Leadership;skills_Communication;skills_Teaching;skills_Marketing,location_Terrenganu;location_Kuala Lumpur,,,Risk health run first unit.,Leg chance project its note. Option experience scene enter summer page every. Plan east decide science always. Study certainly win politics exactly front. Security necessary away well beyond member eye. Language while more soon start.
VL00032,Jessica Coffey,volunteer,ojefferson@example.com,T$&1U1*5Hq,"1442 Sergio Avenue South Catherineview, VI 08725",3607985269,018460422655,1972-01-05,https://res.cloudinary.com/dnj0n4m7k/image/upload/v1731663774/UserProfilePic/d8or1ix2r8rg5fsz7fgy.jpg,active,2,440,2024-08-09,preference_Volunteer;preference_Art,skills_Cooking;skills_First Aid;skills_Fundraising,location_Perlis;location_Perak,,,Prepare oil range behind road present minute result. Maybe region game power one.,Act prevent art. Almost individual north within imagine. Court add address sign Republican together small.
VL00033,Kelly Taylor,volunteer,rachel20@example.org,)r9LELsPzc,USCGC Newton FPO AA 11842,0571786871,476276038023,1969-07-25,https://res.cloudinary.com/dnj0n4m7k/image/upload/v1734926601/UserProfilePic/vlavjfwhmktjvpyrc9kf.jpg,active,6,351,2024-09-21,preference_Sports;preference_Community Service,skills_Fundraising;skills_Communication,location_Johor;location_Perlis;location_Perak,,,Democratic speak we general want agree. Piece exactly himself lot writer tax.,Three special marriage beautiful. Serious human also short. Official mean hospital interesting. Buy kitchen authority wear return commercial special once. East protect spend notice example.
VL00034,James Hall,volunteer,kmaddox@example.org,wn4V0uXR!@,"5972 Hannah Motorway Suite 158 South Roberthaven, MH 62291",7072243798,065236677242,1992-12-14,https://res.cloudinary.com/dnj0n4m7k/image/upload/v1734926669/UserProfilePic/foemfntjhv7ro7qte4rq.jpg,active,3,52,2024-06-24,preference_Volunteer;preference_Environment;preference_Sports,skills_Teaching;skills_Fundraising;skills_First Aid;skills_Technical Support,location_Negeri Sembilan;location_Terrenganu,,,Their beat man itself. Show parent leader both.,Arm activity last attention. Rise sense partner. Bit against skin tree yeah throughout amount anything.
VL00035,Charles Solomon,volunteer,sjones@example.com,31fiKp84)d,"818 Sean River Apt. 608 West Gabriel, NE 26832",2991777500,572901134430,1964-06-25,https://res.cloudinary.com/dnj0n4m7k/image/upload/v1734926650/UserProfilePic/e5qkq9pnlfalpk9x4ngh.jpg,active,2,330,2024-09-23,preference_Health;preference_Community Service,skills_Fundraising;skills_First Aid;skills_Event Management;skills_Teaching,location_Perak;location_Kuala Lumpur;location_Selangor,,,Most piece drop. Management office evidence after manager news hear.,Away over admit why scene attention modern. Authority suffer citizen front information order ahead point. Arrive simple say majority describe democratic win. Special require to environmental analysis situation. Appear run but just fish task thank.
VL00036,Lisa Williamson,volunteer,flowersmary@example.org,+FLV3t%fb4,"204 Arnold Manors Espinozafurt, LA 55085",7341739330,421017992946,1998-04-27,https://res.cloudinary.com/dnj0n4m7k/image/upload/v1731663773/UserProfilePic/njehb69k53qb45rrdrm2.jpg,active,1,329,2024-09-22,preference_Environment;preference_Volunteer;preference_Community Service,skills_Technical Support;skills_Teaching;skills_First Aid,location_Terrenganu;location_Perak;location_Labuan,,,Daughter national tough something how. Walk each agent know why knowledge religious.,Them chance occur. Position imagine beautiful else your however. Charge challenge professional wait young. Wish shoulder within much arm ok. Although career glass as.
VL00037,Robert Choi,volunteer,colinespinoza@example.com,@ta4NbhE7Z,"66374 Caleb Union South Samantha, WI 16660",3837213270,560698557319,1982-08-11,https://res.cloudinary.com/dnj0n4m7k/image/upload/v1731663774/UserProfilePic/fx8qvjepyyb4ifakjv3i.jpg,active,5,144,2024-05-15,preference_Education,skills_Technical Support;skills_Leadership;skills_Teaching,location_Sabah;location_Sarawak;location_Selangor,,,Road next choose energy successful available two. Quite TV group run democratic region size.,Pay identify sea present central any management. Cover image sing week ever. Hand institution they.
VL00038,Shawn Miller,volunteer,haasvalerie@example.com,k#+7MZSwu$,"468 Douglas Plains Jennafort, HI 30720",8656791467,548395258960,2005-04-07,https://res.cloudinary.com/dnj0n4m7k/image/upload/v1731663774/UserProfilePic/daeogkboj4lzmx6mkrqk.jpg,active,6,288,2024-04-29,preference_Education;preference_Volunteer,skills_Leadership;skills_Cooking;skills_Teaching,location_Sabah;location_Selangor,,,Natural true my positive possible buy around.,Forget sit fast take whose develop purpose. Early get maintain. Impact least view action sell put. Federal management myself finally war son. Thank administration practice television kind. Recent administration million begin.
VL00039,Mary Diaz,volunteer,timothy76@example.net,(xA1kfHc^s,"632 Brown Locks Arielview, IA 29822",0609711615,169636238380,1995-03-29,https://res.cloudinary.com/dnj0n4m7k/image/upload/v1731663774/UserProfilePic/daeogkboj4lzmx6mkrqk.jpg,active,3,142,2024-12-22,preference_Art,skills_Fundraising;skills_First Aid;skills_Marketing;skills_Leadership,location_Negeri Sembilan;location_Kuala Lumpur;location_Kelantan,,,Big pay personal enough kid national pattern.,Nearly mission company prepare. Company environment recently store certainly. Article especially politics now interview pattern. Example time top high bit two and. About goal goal any meeting.
VL00040,Jessica Ford,volunteer,moorejason@example.com,%xc1fBFz^8,Unit 3317 Box 4924 DPO AA 80498,1125523399,527807177729,1998-09-07,https://res.cloudinary.com/dnj0n4m7k/image/upload/v1734926635/UserProfilePic/loarfiz2eoiwxdv9e3dd.jpg,active,3,374,2024-09-25,preference_Health;preference_Volunteer;preference_Sports,skills_Event Management;skills_Communication,location_Negeri Sembilan;location_Pahang,,,Score hand order factor certain throw recognize main. Yes recently man exactly picture beyond.,Range conference long religious sure. Carry region cultural indeed capital anything. Social the available radio fish central. Treat least can ball the along son. Same force moment what lose she. Side camera page according address.
VL00041,Robert Thompson,volunteer,goodwinjudy@example.org,B*k9KUNv!F,"407 Thomas Ridge Gibsonbury, NJ 91072",5234583674,171102879087,1973-09-16,https://res.cloudinary.com/dnj0n4m7k/image/upload/v1731663773/UserProfilePic/vdoarj0jyqriptpu4jpw.jpg,active,4,105,2024-07-19,preference_Sports;preference_Art,skills_Marketing;skills_First Aid;skills_Leadership;skills_Teaching,location_Johor,,,Lead lead walk hand view.,Letter hospital able choose local all particular send. Save rate information resource real. Determine next despite experience office. Shake father art commercial.
VL00042,Michael Marshall,volunteer,orrtimothy@example.net,h@rG6J^Bfu,"PSC 3494, Box 6085 APO AP 69033",7620466940,630357286379,1961-06-17,https://res.cloudinary.com/dnj0n4m7k/image/upload/v1731663774/UserProfilePic/fx8qvjepyyb4ifakjv3i.jpg,active,6,223,2024-07-09,preference_Art;preference_Volunteer,skills_Cooking,location_Penang;location_Malacca;location_Terrenganu,,,Class play behind hot get. Unit beat oil where create.,Fall within table quickly end reveal. General within physical eye rest hard. Clear beautiful enter their herself dream. Language check factor must leave.
VL00043,Stacy Whitaker,volunteer,ryangarcia@example.com,JDIpH2xw&7,USS Peterson FPO AE 51309,0665515527,778001169901,1971-09-28,https://res.cloudinary.com/dnj0n4m7k/image/upload/v1731663774/UserProfilePic/fx8qvjepyyb4ifakjv3i.jpg,active,2,263,2024-09-24,preference_Environment;preference_Health,skills_Leadership;skills_Technical Support;skills_Event Management,location_Malacca;location_Terrenganu;location_Selangor,,,Real fine study foreign young.,Camera free although east skill. Laugh thing American week feel right board out. Billion across break her east. As artist pay cold social. Bad break against choice yet focus nothing.
VL00044,Jon Wilson,volunteer,williamscynthia@example.org,@6WcPUrYRz,"425 Alyssa Bypass Apt. 630 Byrdton, NC 14292",8509511222,769745797714,1987-07-06,https://res.cloudinary.com/dnj0n4m7k/image/upload/v1734926568/UserProfilePic/d1s1u2wivfn3asjmrmso.jpg,active,5,116,2024-10-24,preference_Volunteer;preference_Community Service,skills_Cooking;skills_Event Management,location_Malacca;location_Johor,,,For culture ask fear politics security customer performance.,General establish guy picture. Life million these address. Product note impact.
VL00045,Casey Johnson,volunteer,churchdonna@example.net,)fRPuEXxU9,"PSC 4804, Box 6309 APO AP 02199",1246610005,639917214623,1986-11-15,https://res.cloudinary.com/dnj0n4m7k/image/upload/v1731663773/UserProfilePic/vdoarj0jyqriptpu4jpw.jpg,active,1,481,2024-09-30,preference_Sports;preference_Outdoor;preference_Environment,skills_Event Management;skills_Teaching;skills_Leadership,location_Negeri Sembilan,,,Tonight outside on world four. All improve theory store speak cost spend.,Cause media reduce then. Land air cold never build face. Agreement administration reality white bar. Turn nice role appear national. I section major together report party ready.
VL00046,Jasmine Parsons,volunteer,matthewjordan@example.net,tepS(mHe_1,USNS Stevens FPO AP 63883,9689886734,469939389104,1971-09-01,https://res.cloudinary.com/dnj0n4m7k/image/upload/v1734926650/UserProfilePic/e5qkq9pnlfalpk9x4ngh.jpg,active,6,19,2024-11-28,preference_Health,skills_First Aid;skills_Communication,location_Johor;location_Perlis;location_Kelantan,,,His base a into marriage. Once fish father television.,Quite five painting government prevent. Themselves her notice keep each scene response kid. My discover game commercial data bit admit.
VL00047,Sharon Wade,volunteer,pscott@example.com,Bui%)NbV$6,"11954 Evelyn Oval Port Nicholasshire, AS 96964",2716426666,251313189205,1978-11-13,https://res.cloudinary.com/dnj0n4m7k/image/upload/v1734926583/UserProfilePic/wbw1a7bsiz7vr3mjftpc.jpg,active,4,482,2024-02-12,preference_Sports;preference_Health;preference_Environment,skills_Fundraising;skills_Teaching;skills_Marketing,location_Johor;location_Terrenganu;location_Negeri Sembilan,,,New sit green price.,Case yeah baby become road physical piece. Special employee religious rise move lay. Region always stock Mrs board beyond behind. Main when event oil east notice myself. Mean food face over six admit. Human rather newspaper organization occur soon recognize.
VL00048,Jennifer Murphy,volunteer,kelly70@example.org,ID^8FtxI_n,"3773 Tiffany Place Suite 477 West Aliciamouth, MH 09661",9809659958,796103967757,1998-09-30,https://res.cloudinary.com/dnj0n4m7k/image/upload/v1734926650/UserProfilePic/e5qkq9pnlfalpk9x4ngh.jpg,active,4,143,2024-09-19,preference_Community Service;preference_Art;preference_Volunteer,skills_First Aid,location_Sarawak;location_Terrenganu,,,This however attack fight. Admit major history cup too.,Too close recent writer budget knowledge. The manage even why address toward must. Decision ready build pressure market drop. Night recognize keep anything. Party second top ability ground strong everyone. Summer chair item many fill whole. Would difficult onto product trial election.
VL00049,Robert Adams,volunteer,wgonzalez@example.com,#+1I0hLjBV,"97806 Adam Parkway Petersonshire, NM 65029",7341152574,700167894823,1971-08-07,https://res.cloudinary.com/dnj0n4m7k/image/upload/v1734926601/UserProfilePic/vlavjfwhmktjvpyrc9kf.jpg,active,6,374,2024-10-26,preference_Community Service;preference_Sports;preference_Volunteer,skills_Technical Support,location_Labuan;location_Sarawak;location_Sabah,,,Popular board girl large upon thought different. Ahead step if shoulder back do onto.,Similar speak strategy market. Your discussion beyond style around. Customer special kind. Dark continue hotel subject. Activity attorney century who evidence tough.
VL00050,Monica Miller,volunteer,sarah65@example.org,8rVLan)m#!,"443 Javier Bridge Jeffstad, HI 46778",4525808199,470187921406,1988-04-05,https://res.cloudinary.com/dnj0n4m7k/image/upload/v1734926635/UserProfilePic/loarfiz2eoiwxdv9e3dd.jpg,active,1,15,2024-06-13,preference_Volunteer,skills_Communication,location_Terrenganu;location_Pahang,,,Positive reduce issue perform. Past image station bar rock PM four.,Show expert less them. Seek seven expect and program. Government prevent about development data have. Budget open picture season our anything candidate marriage.
VL00051,Aaron Logan,volunteer,dwayne17@example.net,23efEE&o_T,"47217 Laura River Suite 909 Michelleborough, CO 51126",6456184640,585714231284,1961-07-10,https://res.cloudinary.com/dnj0n4m7k/image/upload/v1734926669/UserProfilePic/foemfntjhv7ro7qte4rq.jpg,active,0,225,2024-10-03,preference_Environment,skills_Technical Support,location_Johor,,,Education gun low might decision hotel.,Visit daughter indicate production season pressure. Authority parent note decision specific hotel suggest have. Child can skill beat level until already project.
VL00052,Mr. Wesley Huang MD,volunteer,davidgreene@example.com,6e7&mlEi*s,"38769 Nicholas Landing Apt. 707 West Charleshaven, SD 14265",7626476602,867268820747,1972-01-24,https://res.cloudinary.com/dnj0n4m7k/image/upload/v1734926583/UserProfilePic/wbw1a7bsiz7vr3mjftpc.jpg,active,3,58,2024-02-05,preference_Community Service,skills_Event Management,location_Kelantan;location_Perlis;location_Selangor,,,Serious possible manage game suffer deep community mind.,Economy nation tax line race. Force industry these herself water young tax. Reveal field as.
VL00053,Janet Baker,volunteer,sergio24@example.net,%D8LUz0ZO#,"35679 Castaneda Plains Turnerview, NH 80650",0589879461,630435789230,2004-03-25,https://res.cloudinary.com/dnj0n4m7k/image/upload/v1731663773/UserProfilePic/njehb69k53qb45rrdrm2.jpg,active,5,319,2024-04-19,preference_Health,skills_Marketing,location_Kuala Lumpur,,,Factor service indicate tough.,Away well need fill. Ten course author suddenly discover consider. Quickly late anyone authority represent nothing voice. Note throw fish beyond town likely coach.
VL00054,Denise Carter,volunteer,tammycuevas@example.com,4+XZU(Ur_3,"276 Kenneth Crescent Apt. 933 East Paula, MT 21692",0581352142,231913299996,1987-10-30,https://res.cloudinary.com/dnj0n4m7k/image/upload/v1734926601/UserProfilePic/vlavjfwhmktjvpyrc9kf.jpg,active,1,3,2024-04-02,preference_Education;preference_Health;preference_Sports,skills_Cooking,location_Kuala Lumpur,,,Various certain purpose include consider off pull. Word result skin safe allow all author.,Interesting discuss investment step guess. Laugh report authority treat. Just recent camera analysis herself enjoy purpose.
VL00055,Amber Johnson,volunteer,matthew01@example.net,$fQzdmSZE7,"6668 Jesse Parkway New Shawnbury, MH 92669",4482735248,509300650779,1993-11-04,https://res.cloudinary.com/dnj0n4m7k/image/upload/v1734926583/UserProfilePic/wbw1a7bsiz7vr3mjftpc.jpg,active,6,282,2024-08-02,preference_Health;preference_Art,skills_Leadership;skills_Cooking;skills_Fundraising;skills_Event Management,location_Kelantan;location_Sabah,,,Drug manager safe between. Teach financial these east left statement.,After within under across. Relationship husband bit their doctor sing. College pull next quality way.
VL00056,Rita Montgomery,volunteer,andre58@example.org,!5P0uv_f*P,"1435 Stokes Ridge Suite 920 Laurenland, UT 70148",5407504715,391816544605,2000-01-09,https://res.cloudinary.com/dnj0n4m7k/image/upload/v1731663774/UserProfilePic/d8or1ix2r8rg5fsz7fgy.jpg,active,3,314,2024-07-16,preference_Education,skills_Teaching;skills_Leadership;skills_Event Management;skills_Fundraising,location_Pahang;location_Labuan;location_Negeri Sembilan,,,On many question about consumer southern employee. Quickly just rise hot computer owner.,Provide economy drug care all according likely. A own recent beautiful material star bad. Degree authority hand summer ahead nor. Fear church week church. Movement rich west challenge stand grow coach.
VL00057,Keith Bowers,volunteer,hmendoza@example.org,P6HQ9dni!6,"24098 Sarah Motorway Apt. 364 Rangelmouth, MD 39319",1009986635,386528043409,1985-06-06,https://res.cloudinary.com/dnj0n4m7k/image/upload/v1734926601/UserProfilePic/vlavjfwhmktjvpyrc9kf.jpg,active,1,296,2024-09-18,preference_Environment,skills_Technical Support;skills_Teaching;skills_Cooking;skills_Fundraising,location_Malacca;location_Kuala Lumpur,,,Official ground magazine more follow help blue figure.,Chance model indeed adult. Nearly fear part democratic matter. Give nice how body. Break floor admit five. Up movement sound style.
VL00058,Benjamin Perez,volunteer,mcastro@example.org,^3LCQ@Sl3&,"16363 Jonathan Station Suite 866 Jesuschester, CA 18697",4020806477,886548207387,1969-09-24,https://res.cloudinary.com/dnj0n4m7k/image/upload/v1734926669/UserProfilePic/foemfntjhv7ro7qte4rq.jpg,active,5,158,2024-02-24,preference_Volunteer,skills_First Aid;skills_Cooking;skills_Marketing;skills_Communication,location_Johor,,,Rise yet media strong.,Edge write home number half. Power try yard old security executive. Night style ready process poor woman. Room fill push case item stuff. Cause exist possible machine goal phone society. Event teacher worry participant market shoulder.
VL00059,Mikayla Rodriguez,volunteer,jarviscurtis@example.net,E7tUzg5g+a,"0745 Brandy Course North Amandabury, GA 39976",6625504531,417374194931,1968-09-04,https://res.cloudinary.com/dnj0n4m7k/image/upload/v1731663773/UserProfilePic/njehb69k53qb45rrdrm2.jpg,active,2,458,2024-03-15,preference_Community Service,skills_Marketing;skills_Technical Support;skills_Event Management;skills_Cooking,location_Sarawak;location_Malacca;location_Selangor,,,Behavior two candidate commercial until on look.,Just memory half either pattern senior check. College could service whatever kitchen effect Mr. Act sound describe must. Bag education air public reason style bring.
VL00060,Matthew Griffith,volunteer,shannoncummings@example.org,bk&9YPnsdM,"112 April Brook Travisborough, NY 42093",5493530100,655134727109,1972-12-01,https://res.cloudinary.com/dnj0n4m7k/image/upload/v1734926635/UserProfilePic/loarfiz2eoiwxdv9e3dd.jpg,active,1,273,2024-01-07,preference_Sports,skills_Teaching,location_Negeri Sembilan,,,Television talk here too success majority firm room. Road effort car teacher.,Other management politics. Professional a fund protect. Ability range sing administration your computer pull phone. Treatment four that consider before wife plant. Director despite season meeting benefit deal enough. Kid body a window.
VL00061,Austin Taylor,volunteer,reginald71@example.com,$y9Acn4KmU,"07870 Moore Groves Suite 587 Dennisborough, VT 48687",0366636999,089892205858,1970-01-03,https://res.cloudinary.com/dnj0n4m7k/image/upload/v1734926517/UserProfilePic/mwxwoafwc3u4pmruranw.jpg,active,2,484,2024-05-09,preference_Sports,skills_Event Management;skills_Leadership;skills_Communication;skills_Marketing,location_Penang;location_Selangor;location_Malacca,,,Performance hotel certain organization card yard Mrs.,Once painting again audience. Top doctor drug local rock. Evidence partner economic himself after. Eight professional need general which federal me.
VL00062,Taylor Shaw,volunteer,gwatkins@example.com,gHYhml6b+3,"0934 Henderson Garden Apt. 034 Paulmouth, MN 56975",4943074563,626817431965,2000-06-13,https://res.cloudinary.com/dnj0n4m7k/image/upload/v1731663774/UserProfilePic/l3hcsly51prvzrirbliq.jpg,active,1,174,2024-08-26,preference_Volunteer,skills_First Aid;skills_Leadership;skills_Communication,location_Penang;location_Perlis,,,Structure husband memory seem discussion something. Similar actually shake difference likely.,Piece human seek tonight. Figure back gun history. Official before so see happen attorney just. Purpose inside maintain especially close any alone. Company may great no case investment. Central listen study energy health increase.
VL00063,Nicole White,volunteer,emily57@example.net,+f&CU^(xF9,USNV Lambert FPO AA 75518,9465683289,500064424369,1974-08-04,https://res.cloudinary.com/dnj0n4m7k/image/upload/v1731663774/UserProfilePic/daeogkboj4lzmx6mkrqk.jpg,active,4,337,2024-04-28,preference_Education;preference_Health;preference_Environment,skills_Fundraising;skills_Communication;skills_Leadership;skills_Event Management,location_Terrenganu;location_Sarawak,,,President we inside describe offer.,Star physical training big sister. Economy along hard great campaign word us plan. Money carry suffer single conference. You say boy perhaps.
VL00064,Steven Reyes,volunteer,mitchellsims@example.net,dl&0mBUaw@,"9910 Maria Prairie South Thomas, NY 78530",1793167197,487488861055,1990-12-20,https://res.cloudinary.com/dnj0n4m7k/image/upload/v1734926650/UserProfilePic/e5qkq9pnlfalpk9x4ngh.jpg,active,4,256,2024-06-21,preference_Environment;preference_Health,skills_Event Management,location_Labuan,,,Democratic form single day hundred especially. Final discuss yard lose.,Personal according bring shoulder forget them many. That economy staff what it affect join offer. On wife police quality. Believe artist out good analysis choose dream. Board floor write floor.
VL00065,Jason Shelton,volunteer,rebeccaosborne@example.com,Mv*6JwfN_7,"705 Clements Spurs Apt. 323 Jessicachester, KS 05613",2609632537,513098777703,1981-01-01,https://res.cloudinary.com/dnj0n4m7k/image/upload/v1734926669/UserProfilePic/foemfntjhv7ro7qte4rq.jpg,active,3,6,2024-10-25,preference_Art;preference_Volunteer;preference_Outdoor,skills_First Aid;skills_Event Management;skills_Fundraising;skills_Leadership,location_Terrenganu;location_Malacca,,,Employee name mouth effort real authority provide big. Sing business almost adult again likely time.,Significant card past other moment doctor research. Probably film blood up. Idea loss despite pick agreement road. Fill these admit machine. Expect history perform machine deep total itself position. Worker thing present collection build range.
VL00066,Jon Baker,volunteer,frank80@example.com,l_7y*Dw1vB,"6602 Decker Station North Madison, AS 39937",9514296121,559213184519,1980-01-29,https://res.cloudinary.com/dnj0n4m7k/image/upload/v1731663774/UserProfilePic/l3hcsly51prvzrirbliq.jpg,active,4,464,2024-08-25,preference_Art;preference_Outdoor;preference_Volunteer,skills_Leadership;skills_Event Management;skills_Technical Support,location_Sarawak;location_Kelantan;location_Negeri Sembilan,,,Start key speak nature throw raise work.,Remain character crime foreign company. Goal star win human. Catch network computer either out later laugh. Memory enjoy work process sport forget official.
VL00067,Carmen Goodman,volunteer,pcook@example.com,5Q@kKvQs&1,"82697 Jaime Village Lake Zachary, MS 73047",7966004915,579561317372,1987-03-16,https://res.cloudinary.com/dnj0n4m7k/image/upload/v1734926601/UserProfilePic/vlavjfwhmktjvpyrc9kf.jpg,active,1,173,2024-12-02,preference_Outdoor,skills_Marketing;skills_Leadership;skills_Teaching,location_Sarawak;location_Labuan,,,Side crime social occur develop example.,Society figure respond audience. Yes seek use raise yes size agency. Meet style look power begin evening decision. Next last site nature against thing.
VL00068,Richard Macias,volunteer,griffithveronica@example.net,E&%5SLierJ,"31264 Heather Falls Apt. 403 North Lauraland, AL 47833",2969001372,616308300918,1982-06-24,https://res.cloudinary.com/dnj0n4m7k/image/upload/v1734926517/UserProfilePic/mwxwoafwc3u4pmruranw.jpg,active,4,398,2024-04-06,preference_Sports;preference_Volunteer;preference_Environment,skills_Event Management;skills_Leadership;skills_Cooking,location_Kelantan;location_Sarawak,,,Begin main attention raise according. Listen drop still here life.,There happen indicate remain. Relationship science discover pattern sit threat wide population. Time office challenge should real collection. Choice heavy respond decide drug. Yes college take once minute exactly with. After threat I behavior can.
VL00069,Diana Carter,volunteer,patricia25@example.org,_ZND(rE+u4,"951 Smith Oval Raybury, GU 40233",2134852689,947688309318,1971-02-24,https://res.cloudinary.com/dnj0n4m7k/image/upload/v1731663773/UserProfilePic/njehb69k53qb45rrdrm2.jpg,active,3,179,2024-02-19,preference_Health,skills_Fundraising,location_Negeri Sembilan,,,Several notice yes young modern analysis term research.,Far material by indicate. Traditional new hold five us among seek. Treatment nature trade interest however anything class. Within heavy good receive lose.
VL00070,Brenda White,volunteer,ryanmccann@example.net,vX^A2^Bwe$,USS Morris FPO AP 84924,1422939315,660344801386,1983-10-31,https://res.cloudinary.com/dnj0n4m7k/image/upload/v1734926669/UserProfilePic/foemfntjhv7ro7qte4rq.jpg,active,3,259,2024-08-30,preference_Education;preference_Community Service;preference_Art,skills_First Aid;skills_Technical Support,location_Johor,,,Effort when arrive decade down we. Fill interest into return time.,Do senior east shake free bag behind. Town imagine heavy population hold include. Must space finish statement. Happen forget ask raise use spend high. Receive responsibility various rest strong create matter. Hold tough major music those.
VL00071,Gerald Taylor,volunteer,dmoreno@example.org,R1p5%SrT3@,"295 Gonzalez Trail Suite 229 Edwardshire, NE 39128",1403426263,649315488934,1997-11-28,https://res.cloudinary.com/dnj0n4m7k/image/upload/v1734926517/UserProfilePic/mwxwoafwc3u4pmruranw.jpg,active,3,225,2024-01-21,preference_Sports;preference_Education,skills_Leadership;skills_First Aid;skills_Fundraising,location_Negeri Sembilan;location_Sabah;location_Johor,,,Great them wife might mission little pretty. Ask pass and role fund.,Amount happen through son thought pressure near. Thousand loss ability he street up. Thus enter return chance peace example everyone. Health during type behind family light need. Project arm reach worry.
VL00072,John Evans,volunteer,brookscarl@example.com,+5N+Hc^f6s,"134 Rojas Run Port Denniston, GA 77342",1209223828,521788900728,1959-05-21,https://res.cloudinary.com/dnj0n4m7k/image/upload/v1734926669/UserProfilePic/foemfntjhv7ro7qte4rq.jpg,active,4,299,2024-04-28,preference_Volunteer,skills_Communication;skills_Cooking;skills_Teaching;skills_Fundraising,location_Labuan;location_Kelantan;location_Malacca,,,Land along lawyer else. Soldier project let what idea serious involve.,That ask unit level staff step throw there. Data lawyer certain investment would tax whole break. Note agreement forget page still. Little lead third also senior Democrat rather around.
VL00073,Erica Shaw,volunteer,elizabethfranklin@example.org,^$6Uy2et_7,"2790 Terri Junction East Jessicashire, VT 38903",1113363501,826325811553,1967-12-18,https://res.cloudinary.com/dnj0n4m7k/image/upload/v1731663773/UserProfilePic/njehb69k53qb45rrdrm2.jpg,active,0,440,2024-05-02,preference_Education,skills_Cooking,location_Negeri Sembilan,,,South indeed people public. Very stop paper beautiful lay performance decide.,Possible single more room. Economic play cost guy. Citizen common past tough data. Pressure wait concern modern. Take candidate bill discussion over he clear.
VL00074,Benjamin Vasquez,volunteer,rchen@example.com,nC&7&NHq2%,Unit 5159 Box 0770 DPO AE 43147,1460605102,398073901160,1963-08-26,https://res.cloudinary.com/dnj0n4m7k/image/upload/v1734926568/UserProfilePic/d1s1u2wivfn3asjmrmso.jpg,active,3,249,2024-10-06,preference_Education,skills_Teaching;skills_Fundraising;skills_Marketing;skills_Technical Support,location_Negeri Sembilan;location_Penang,,,Nothing to for grow simple citizen. Money him particular among yet write.,Accept my speak black national people surface. Worry under less return indeed appear. Wall writer per Congress break person. Visit away conference. A community direction teach. Hear up room four image focus.
VL00075,Sherry Walker,volunteer,susanbailey@example.com,)*1EhtGrsA,"6328 Wilkinson Knoll Apt. 714 Ashleymouth, IL 36099",9023600961,914558714742,2000-04-16,https://res.cloudinary.com/dnj0n4m7k/image/upload/v1734926517/UserProfilePic/mwxwoafwc3u4pmruranw.jpg,active,1,316,2024-09-05,preference_Art,skills_Communication;skills_Leadership;skills_Marketing;skills_Technical Support,location_Perlis;location_Johor;location_Terrenganu,,,Commercial word deep time community. Direction center serve policy modern run three.,Pick success which month start plan anyone. Fine case power action program word. Already raise whose strong firm. Figure food anything from. Difficult miss parent politics whole sport thought. My friend think tonight sit more.
VL00076,Scott Roy,volunteer,amylopez@example.net,%4aDLedw3J,"948 Johnson Street North Anthony, NM 95964",4970559782,618330636051,1983-04-14,https://res.cloudinary.com/dnj0n4m7k/image/upload/v1731663774/UserProfilePic/fx8qvjepyyb4ifakjv3i.jpg,active,0,348,2024-04-08,preference_Sports;preference_Volunteer,skills_Event Management;skills_Marketing,location_Sarawak;location_Penang;location_Perlis,,,Rule raise education. Project above baby change expert such.,Crime thought particular popular party. Strong play special movie since huge. Arrive drive consumer. Rule share inside share light enough son.
VL00077,Justin Wood,volunteer,jessicalopez@example.org,e(4XROZJEp,"3754 Austin Spurs Apt. 118 Port Jakestad, DE 94443",5817281772,288289802198,1968-07-28,https://res.cloudinary.com/dnj0n4m7k/image/upload/v1734926601/UserProfilePic/vlavjfwhmktjvpyrc9kf.jpg,active,0,451,2024-05-16,preference_Outdoor,skills_Leadership,location_Pahang;location_Malacca,,,Community trial authority defense list card behavior among.,Analysis activity third have. Tell star example take arm listen. Lose center sometimes raise skill do sport everybody. Note leader task whose carry example statement.
VL00078,Dylan Swanson,volunteer,wilsondale@example.net,QVIhT0xa%0,"877 Mcdonald View Apt. 292 Beckberg, DC 95513",0580089423,714398175412,1977-02-27,https://res.cloudinary.com/dnj0n4m7k/image/upload/v1731663774/UserProfilePic/daeogkboj4lzmx6mkrqk.jpg,active,5,75,2024-03-31,preference_Sports;preference_Outdoor;preference_Volunteer,skills_Fundraising;skills_Event Management;skills_First Aid;skills_Teaching,location_Johor;location_Sabah,,,Hear south reflect PM song. Water either machine person customer.,Specific truth like responsibility discover lawyer. Serious answer radio bank must hear structure. Political really exactly center try increase. Whom state risk condition.
VL00079,Julie Leonard,volunteer,rebeccacarson@example.com,6@&o9bGh!x,"PSC 3457, Box 1095 APO AA 68951",4433825098,203851310531,2006-05-22,https://res.cloudinary.com/dnj0n4m7k/image/upload/v1731663774/UserProfilePic/daeogkboj4lzmx6mkrqk.jpg,active,0,493,2024-07-11,preference_Art;preference_Health;preference_Environment,skills_Fundraising,location_Negeri Sembilan;location_Perlis,,,Argue information surface personal. Baby choose second under.,Control last author agree them opportunity our training. Dark agree mind international look. Real forget move consider rich institution.
VL00080,Brian Barton,volunteer,munozricardo@example.com,!U82Axuov8,"39145 Taylor Mill Port Katrinafurt, MP 99462",7474487484,160210134339,1973-02-06,https://res.cloudinary.com/dnj0n4m7k/image/upload/v1734926669/UserProfilePic/foemfntjhv7ro7qte4rq.jpg,active,3,429,2024-02-25,preference_Community Service;preference_Art;preference_Outdoor,skills_Leadership,location_Selangor,,,Treat north second citizen within take.,Much interview hand social reason tend character. Season director past unit. Work final own. Score down much hard first region. Could American out yeah attention else professor despite.
OG00001,David Arellano,organization,douglashampton@example.com,6kE7SO%$$x,"734 Jennifer Glens Suite 556 Lake Matthew, DC 42668",3353951642,484641793189,1982-01-25,https://res.cloudinary.com/dnj0n4m7k/image/upload/v1731663774/UserProfilePic/d8or1ix2r8rg5fsz7fgy.jpg,active,2,407,2024-10-26,,,,Safe each million whole cold hot drive do short war act those.,Horton-Fisher,Whatever land opportunity kid another way. Future pressure serious yes maybe player.,Test tell talk never. Pay toward garden baby political reality all member. Tend yard general one. Administration room night do level. Produce environmental impact those important. Out word above imagine.
OG00002,Matthew Wilson,organization,asmith@example.net,e_2oQKmP@B,"980 Julie Port Apt. 431 Scotttown, OK 07556",0706384829,768776229425,1997-02-03,https://res.cloudinary.com/dnj0n4m7k/image/upload/v1731663774/UserProfilePic/d8or1ix2r8rg5fsz7fgy.jpg,active,5,18,2024-08-01,,,,Law me find clearly off listen rule personal a particularly approach note.,"Ramirez, Phelps and Klein",Campaign hot difficult thus not perform. Cause back I get culture.,Ability music college boy must again year. Friend building indeed politics ball total much. Actually knowledge themselves partner remain wait. Relate join computer on away free. Husband oil themselves summer. Town history trouble character agree high remember.
OG00003,Margaret Holmes,organization,davismichael@example.com,d(F8FeQPX!,"9854 Thomas Burg Apt. 113 South Charles, MH 67067",0902699560,105102482120,1990-08-31,https://res.cloudinary.com/dnj0n4m7k/image/upload/v1734926650/UserProfilePic/e5qkq9pnlfalpk9x4ngh.jpg,active,4,5,2024-02-27,,,,When might structure performance together meet clearly describe relate image citizen top.,Cole-Smith,Resource remain memory view second. Hospital adult think whatever difference Mrs course hard.,Despite message religious movie TV sing. Test by step cause simply like stuff. Commercial figure deep culture look without themselves authority. State through western mind seek. Organization kitchen road floor well.
OG00004,John Burns,organization,bateseric@example.net,(6OTxdecY(,"555 Benton Via Suite 727 Michellechester, MH 64113",7734562708,264272414158,1968-07-22,https://res.cloudinary.com/dnj0n4m7k/image/upload/v1734926601/UserProfilePic/vlavjfwhmktjvpyrc9kf.jpg,active,1,432,2024-04-06,,,,President accept wide soldier possible unit either land provide goal couple type owner him.,Holder PLC,Right control receive participant. Discuss whom energy cost expert.,Road film back child administration family challenge social. Newspaper policy special whom. Hundred land team fly. Main air trip return same range manage senior. Appear wall election organization local mother turn.
OG00005,Crystal Jones,organization,michael60@example.org,!ZLHT@Zp0X,"634 Heidi Bypass West John, CT 06618",3443481877,391734985306,1968-10-13,https://res.cloudinary.com/dnj0n4m7k/image/upload/v1734926568/UserProfilePic/d1s1u2wivfn3asjmrmso.jpg,active,6,301,2024-10-01,,,,Act yet across scene yet establish common common opportunity himself.,"Smith, Lozano and Tran",Box like very maintain.,Administration thing she create approach. On increase street take maybe general perform will. Own book form create. Party true blood paper player. Personal feel until. Method debate population relate team.
OG00006,Richard Hunter,organization,samantha20@example.com,62#%Ycav$c,"971 Wilson Mill North Julieberg, HI 04802",3738308545,600124269990,1966-07-14,https://res.cloudinary.com/dnj0n4m7k/image/upload/v1734926601/UserProfilePic/vlavjfwhmktjvpyrc9kf.jpg,active,3,213,2024-11-09,,,,Mention throughout receive building fill letter democratic Republican interest industry southern event husband.,"Barnett, Martinez and Bell",Up possible activity would appear project event.,Number recent traditional white school money. Around quickly economic north send because green. Challenge production turn like trade us. Stage provide sure because single single top. Entire store economic decision member act station.
OG00007,Vanessa Palmer,organization,wturner@example.com,W^6F3gvoZE,"503 Barbara Camp Apt. 632 Keithbury, FL 23861",3252780564,634069483874,1990-11-07,https://res.cloudinary.com/dnj0n4m7k/image/upload/v1734926669/UserProfilePic/foemfntjhv7ro7qte4rq.jpg,active,2,187,2024-09-04,,,,Image person cup foot professional relationship item participant range.,Petty-Richmond,Actually ability sign sure beautiful people record. Laugh identify specific look.,Sing this various should state bag forward. Child population audience area develop. Face tree speech set sign dark. Conference study describe beat certain. Blood management write foreign stuff can catch. Center better work its owner easy but why.
OG00008,Anita Hardy,organization,jalvarez@example.com,_*0NkKd0r(,"51635 Campbell Lane South Susan, NV 05919",4856764755,260766342546,1983-03-19,https://res.cloudinary.com/dnj0n4m7k/image/upload/v1734926517/UserProfilePic/mwxwoafwc3u4pmruranw.jpg,active,4,380,2024-04-29,,,,Get them design system manager issue increase subject adult positive once.,Johns-Rocha,Amount action physical exactly trouble.,Study half away campaign save direction. Or mouth fill now difference. Enter according customer nice. Represent all model member.
OG00009,Mr. Jesse Edwards Jr.,organization,bhicks@example.com,!3)BihVf)P,"6573 Donald Extension Susanland, DC 10342",1511862080,222657240196,1962-03-22,https://res.cloudinary.com/dnj0n4m7k/image/upload/v1731663774/UserProfilePic/daeogkboj4lzmx6mkrqk.jpg,active,1,489,2024-07-15,,,,Live tonight must ask movement eye occur value.,Lawson-Madden,Night model resource trial share.,Arrive tonight soon forget task term relate Democrat. Drive against lose four even voice soldier. East make imagine poor how.
OG00010,John Young,organization,ucoleman@example.com,^SJaf@#HK6,"733 Burch Flats Apt. 777 Stewartmouth, IA 71471",5688584009,151503175349,1995-11-17,https://res.cloudinary.com/dnj0n4m7k/image/upload/v1734926583/UserProfilePic/wbw1a7bsiz7vr3mjftpc.jpg,active,6,343,2024-12-11,,,,Tough type body society understand right charge rock check last person shake.,"Zuniga, Drake and Banks",Something protect not agency company either.,Lawyer wait big interview. Hospital fear live against once movement seem. Score full product organization.
OG00011,Kelly Powell,organization,ryan24@example.net,%O7MV8Xz*n,"120 John Run Suite 353 East Sylviabury, CA 01051",7452890911,761984304085,1965-07-20,https://res.cloudinary.com/dnj0n4m7k/image/upload/v1734926650/UserProfilePic/e5qkq9pnlfalpk9x4ngh.jpg,active,5,437,2024-07-08,,,,Something those notice pull account system administration outside court since.,"Werner, Davis and Mckenzie",Wear various also government phone some.,Fish yeah against TV sport amount police. Entire measure capital according good financial finish war. Staff though force spend Mrs might. Read only lay against than.
OG00012,Eric Mills,organization,josebird@example.org,$OVRgiu8+2,"526 Mullins Gateway North Sethstad, NM 75612",1032533329,705134471966,1959-07-31,https://res.cloudinary.com/dnj0n4m7k/image/upload/v1731663774/UserProfilePic/d8or1ix2r8rg5fsz7fgy.jpg,active,5,38,2024-10-08,,,,Ago need finally situation recently whatever professional everybody skill.,Ford-Martin,Increase truth general nice form. Early health study imagine floor hotel.,So future son miss. Mother system term arm involve western. At class yourself among. East air less including enjoy official field. Especially lead quite international probably just include. Be son six safe plant poor such majority.
OG00013,Cory Schmidt,organization,sharon59@example.net,JxS@23EKK_,"7555 Jasmine Port South David, OK 22034",5261758082,972533989937,1969-04-18,https://res.cloudinary.com/dnj0n4m7k/image/upload/v1731663774/UserProfilePic/daeogkboj4lzmx6mkrqk.jpg,active,4,74,2024-09-27,,,,Mean each civil federal want real kind picture your Mr way.,Cox and Sons,Professor dark since about late certain. Majority mother wall political.,Member station bill. Town learn area billion. Reach some step act above central offer. Two mouth wait particular. Defense bar wonder base. Drive carry hour guess.
OG00014,Kathryn Miller,organization,porterjeffrey@example.org,pnQUq_##_4,"96723 Joshua Gateway Apt. 343 South Amanda, PW 81658",7256371505,583228175474,2000-03-02,https://res.cloudinary.com/dnj0n4m7k/image/upload/v1734926669/UserProfilePic/foemfntjhv7ro7qte4rq.jpg,active,1,294,2024-04-24,,,,On money example family table care process.,"Sanchez, Lee and Arnold",New decide mean including score good. Avoid least face memory affect short.,Unit sign put. Fly read resource box their do continue minute. New response matter. Far contain method whole gas begin catch debate. Yes fine network area save as. Eat actually under weight.
OG00015,Alexandra Randall,organization,james03@example.net,)8%cQRsh!3,"96459 Adams Mill Hartfort, OK 31050",3799644011,619939195062,1968-03-02,https://res.cloudinary.com/dnj0n4m7k/image/upload/v1734926650/UserProfilePic/e5qkq9pnlfalpk9x4ngh.jpg,active,1,407,2024-08-31,,,,Response example home good recent kid role officer.,Butler LLC,Energy nothing concern central according fly next. Week lawyer certain road run but improve.,Forget hospital all crime size goal. Address just news cover be recently improve. Start until learn investment easy field important discuss.
OG00016,Ashley Mason,organization,djones@example.com,R^P8_Spbk9,"26355 Hernandez Forks Port Loriburgh, CA 47149",4420621267,511423739735,1979-06-13,https://res.cloudinary.com/dnj0n4m7k/image/upload/v1731663774/UserProfilePic/daeogkboj4lzmx6mkrqk.jpg,active,6,399,2024-04-10,,,,Pm big occur understand bad end give head property modern ago market.,Rice and Sons,Think cut seat young reality action treat threat.,Message behavior something enter wish always. Minute member color message. Ago number off even subject. Improve only true truth require. Front camera husband establish bar few. Third before property sit carry player mouth.
OG00017,Carrie Martin,organization,marmstrong@example.com,AoPFN%zw(8,"4325 Gray Knolls Carrollshire, AS 18147",2704559052,540479263716,1969-03-24,https://res.cloudinary.com/dnj0n4m7k/image/upload/v1734926601/UserProfilePic/vlavjfwhmktjvpyrc9kf.jpg,active,3,261,2024-04-15,,,,Total him plan air student former measure character put real reach follow turn.,Burgess and Sons,Find become item. Weight answer behavior charge foreign very explain peace.,Military instead debate person season. Resource name it specific show little according idea. Have during challenge many rise situation. Something manage class issue crime. Even last despite body foot purpose girl.
OG00018,Dorothy Jones,organization,gregory27@example.net,H!9Bphq#8&,"1824 Douglas Spurs Lauriebury, PA 37352",7122559767,912852981653,2006-08-02,https://res.cloudinary.com/dnj0n4m7k/image/upload/v1731663774/UserProfilePic/fx8qvjepyyb4ifakjv3i.jpg,active,6,288,2024-06-02,,,,Never professor resource special nor practice difficult effort season personal.,"Livingston, Poole and Reyes",Decade hair from produce yard. Here maintain north experience.,Bill defense but people most oil. People base should performance relationship know general. Share image note camera some look fear authority. Official especially suffer line.
OG00019,Bradley Mcdowell,organization,jesse19@example.org,9@8DkwobZ@,"2275 Ashley Manors Apt. 610 Shahbury, MA 68629",5449433902,876739815330,1974-01-20,https://res.cloudinary.com/dnj0n4m7k/image/upload/v1731663773/UserProfilePic/njehb69k53qb45rrdrm2.jpg,active,6,108,2024-06-22,,,,Write against most yourself entire company increase truth personal health good this audience.,Soto-Stewart,Either painting hotel from Democrat production.,First western its side certainly age. Behavior condition single medical. Paper full not.
OG00020,Crystal Ramirez,organization,alexanderrobert@example.com,MA7QiPBBk*,"4130 Allen Way Apt. 212 Lake Paigeberg, VT 06476",3026947406,339020320750,1989-08-17,https://res.cloudinary.com/dnj0n4m7k/image/upload/v1734926601/UserProfilePic/vlavjfwhmktjvpyrc9kf.jpg,active,0,255,2024-08-16,,,,Attorney most eye because stage lead American new sport series local smile.,Barnes-Noble,Mother than others seem increase program lead imagine. Point way join.,Hair art fine or raise fire end. Dark traditional whether able defense should. Air condition mention hair single. Perform special certain you year school.
